sort,id,parent,scheme,context,domain,property,skos_exactMatch,rdfs_comment_en,skos_prefLabel_en,skos_altLabel_en,skos_hiddenLabel_en,skos_prefLabel_de,skos_altLabel_de,skos_prefLabel_fr,skos_altLabel_fr,skos_prefLabel_it,skos_altLabel_it
0,http://vocab.performing-arts.ch/gn,,True,Agent,ric:E4_Agent,ric:P32_Type,,,agent type,,,,,,,,
1,http://vocab.performing-arts.ch/gndex,http://vocab.performing-arts.ch/gn,False,Agent,,,,,group,,,Gruppe,,,,,
2,http://vocab.performing-arts.ch/gnqow,http://vocab.performing-arts.ch/gndex,False,Agent,,,,,legal body,,,Institution,,,,,
3,http://vocab.performing-arts.ch/gnvyd,http://vocab.performing-arts.ch/gn,False,Agent,,,,,person,,,Person,,,,,
4,http://vocab.performing-arts.ch/gnpln,http://vocab.performing-arts.ch/gn,False,Agent,,,,,family,,,Familie,,,,,
5,http://vocab.performing-arts.ch/gnoda,http://vocab.performing-arts.ch/gn,False,Agent,,,,,unknown,,,unbekannt,,,,,
6,http://vocab.performing-arts.ch/rm,,True,Agent,ric:E4_Agent,ric:P33_Identity_Type,,,identity type,,,,,,,,
7,http://vocab.performing-arts.ch/rmfcm,http://vocab.performing-arts.ch/rm,False,Agent,,,,,given,,,gegeben,,,,,
8,http://vocab.performing-arts.ch/rmgvx,http://vocab.performing-arts.ch/rm,False,Agent,,,,,individual assumed,,,individuell vermutet,,,,,
9,http://vocab.performing-arts.ch/rmivu,http://vocab.performing-arts.ch/rm,False,Agent,,,,,joint assumed,,,allgemein angenommen,,,,,
10,http://vocab.performing-arts.ch/rmoda,http://vocab.performing-arts.ch/rm,False,Agent,,,,,unknown,,,unbekannt,,,,,
11,http://vocab.performing-arts.ch/ih,,True,Agent,crm:E51_Contact_Point,crm:P2_has_type,,,contact point,,,Kontakt,,,,,
12,http://vocab.performing-arts.ch/ihtxc,http://vocab.performing-arts.ch/ih,False,Agent,,,,,address,,,Adresse,,,,,
13,http://vocab.performing-arts.ch/ihvhu,http://vocab.performing-arts.ch/ih,False,Agent,,,,,telephone,,,Telefon,,,,,
14,http://vocab.performing-arts.ch/ihrml,http://vocab.performing-arts.ch/ih,False,Agent,,,,,e-mail,,,E-Mail,,,,,
15,http://vocab.performing-arts.ch/ihctx,http://vocab.performing-arts.ch/ih,False,Agent,,,,,website,,,Website,,,,,
16,http://vocab.performing-arts.ch/kn,,True,Agent,ric:E4_Agent,ric:P36_Gender,,,gender,,,,,,,,
17,http://vocab.performing-arts.ch/knsiw,http://vocab.performing-arts.ch/kn,False,Agent,,,aat:300189557; rdagd:1001,,female,,,weiblich,,,,,
18,http://vocab.performing-arts.ch/knept,http://vocab.performing-arts.ch/kn,False,Agent,,,aat:300189559; rdagd:1002,,male,,,männlich,,,,,
19,http://vocab.performing-arts.ch/knnvd,http://vocab.performing-arts.ch/kn,False,Agent,,,,,other,,,anderes,,,,,
20,http://vocab.performing-arts.ch/ya,,True,Agent,crm:E41_Appellation,crm:P2_has_type,,,appellation,,,,,,,,
21,http://vocab.performing-arts.ch/yakdx,http://vocab.performing-arts.ch/ya,False,Agent,,,aat:300404650,name of an actor,name,,,Name,,nom,,nome,
22,http://vocab.performing-arts.ch/yanuj,http://vocab.performing-arts.ch/yakdx,False,Agent,,,aat:300404686,,official name,,,Offizieller Name,,nom officiel,,nome ufficiale,
23,http://vocab.performing-arts.ch/yavtx,http://vocab.performing-arts.ch/yakdx,False,Agent,,,aat:300404664,,alternative name,alias,,Alternativer Name,,nom alternatif,,nome alternativo,
24,http://vocab.performing-arts.ch/yaajh,http://vocab.performing-arts.ch/yakdx,False,Agent,,,aat:300404657,,pseudonym,,,Pseudonym,Künstlername,pseudonyme,,pseudonimo,
25,http://vocab.performing-arts.ch/yamqk,http://vocab.performing-arts.ch/yakdx,False,Agent,,,aat:300404659,,acronym,,,Akronym,,acronyme,,acronimo,
26,http://vocab.performing-arts.ch/go,,True,Work,crm:E35_Title,crm:P2_has_type,,,title type,,,Titelart,,titre,,titolo,
27,http://vocab.performing-arts.ch/gotlb,http://vocab.performing-arts.ch/go,False,Work,,,aat:300417193,title of a work,title,,,Titel,,titre,,titolo,
28,http://vocab.performing-arts.ch/goctm,http://vocab.performing-arts.ch/go,False,Work,,,aat:300312006,,subtitle,,,Untertitel,,sous-titre,,sottotitolo,
29,http://vocab.performing-arts.ch/gogja,http://vocab.performing-arts.ch/go,False,Work,,,aat:300417226,,alternative title,,,Alternativtitel,,titre alternatif,,titolo alternativo,
30,http://vocab.performing-arts.ch/goctj,http://vocab.performing-arts.ch/go,False,Work,,,aat:300417210,,abbreviated title,,,Kurztitel,,titre abrégé,,titolo breve,
31,http://vocab.performing-arts.ch/gowgn,http://vocab.performing-arts.ch/go,False,Work,,,aat:300417228,,working title,,,Arbeitstitel,,titre de travail,,titolo di lavoro,
32,http://vocab.performing-arts.ch/vr,,True,Agent,crm:E74_Group,crm:P2_has_type,,form of organisation and general purpose,group type,,,Gruppenart,,,,,
33,http://vocab.performing-arts.ch/vrjhq,http://vocab.performing-arts.ch/vr,False,Agent,,,,,association,,,Verband,,association,,,
34,http://vocab.performing-arts.ch/vrctx,http://vocab.performing-arts.ch/vrjhq,False,Agent,,,,,promoter,,,Fördergesellschaft,,,,,
35,http://vocab.performing-arts.ch/vrsiw,http://vocab.performing-arts.ch/vrjhq,False,Agent,,,,,visitor care,,,Besucherorganisation,,,,,
36,http://vocab.performing-arts.ch/vrxbs,http://vocab.performing-arts.ch/vr,False,Agent,,,,,producer,,,Produzent,,producteur,,,
37,http://vocab.performing-arts.ch/vrmpj,http://vocab.performing-arts.ch/vrxbs,False,Agent,,,,,professional producer,,,professioneller Produzent,,,,,
38,http://vocab.performing-arts.ch/vrivu,http://vocab.performing-arts.ch/vrmpj,False,Agent,,,,,professional producer with own venue,,,professioneller Produzent mit eigener Spielstätte,,,,,
39,http://vocab.performing-arts.ch/vrtxc,http://vocab.performing-arts.ch/vrmpj,False,Agent,,,,,professional producer without own venue,,,professioneller Produzent ohne eigene Spielstätte,,,,,
40,http://vocab.performing-arts.ch/vrdat,http://vocab.performing-arts.ch/vrxbs,False,Agent,,,,,amateur producer,,,Amateurproduzent,,,,,
41,http://vocab.performing-arts.ch/vrvhu,http://vocab.performing-arts.ch/vrxbs,False,Agent,,,,,producer puppet theater,,,Produzent Figuren- und Puppentheater,,,,,
42,http://vocab.performing-arts.ch/vrrml,http://vocab.performing-arts.ch/vrxbs,False,Agent,,,,,circus,,,Zirkus,,,,,
43,http://vocab.performing-arts.ch/vrkzi,http://vocab.performing-arts.ch/vrxbs,False,Agent,,,,,company,ensemble,,Ensemble,,ensemble,,,
44,http://vocab.performing-arts.ch/vrjva,http://vocab.performing-arts.ch/vrkzi,False,Agent,,,,,subcompany,subensemble,,Teilensemble,,sous-ensemble,,,
45,http://vocab.performing-arts.ch/vrxrs,http://vocab.performing-arts.ch/vr,False,Agent,,,,,organizer,,,Veranstalter,,organisateur,,,
46,http://vocab.performing-arts.ch/vrfcm,http://vocab.performing-arts.ch/vrxrs,False,Agent,,,,,guest performance host,,,Gastspielhaus,,,,,
47,http://vocab.performing-arts.ch/vrgvx,http://vocab.performing-arts.ch/vrfcm,False,Agent,,,,,regional cultural center,,,regionales Kleintheater,,,,,
48,http://vocab.performing-arts.ch/vrjiw,http://vocab.performing-arts.ch/vr,False,Agent,,,,,responsible body,,,Trägerschaft,,organisme responsable,,,
49,http://vocab.performing-arts.ch/vriuw,http://vocab.performing-arts.ch/vr,False,Agent,,,,,agency,,,Agentur,,agence,,,
50,http://vocab.performing-arts.ch/vrmjk,http://vocab.performing-arts.ch/vr,False,Agent,,,,,education,,,Bildungsinstitution,,institution de formation,,,
51,http://vocab.performing-arts.ch/vrggs,http://vocab.performing-arts.ch/vr,False,Agent,,,,,archive,,,Archive,,archives,,,
52,http://vocab.performing-arts.ch/vriqe,http://vocab.performing-arts.ch/vr,False,Agent,,,,,library,,,Bibliothek,,bibliothèque,,,
53,http://vocab.performing-arts.ch/vrsjj,http://vocab.performing-arts.ch/vr,False,Agent,,,,,museum,,,Museum,,musée,,,
54,http://vocab.performing-arts.ch/vrorh,http://vocab.performing-arts.ch/vr,False,Agent,,,,,publisher,,,Verlag,,maison d'édition,,,
55,http://vocab.performing-arts.ch/mn,,True,Work,frbroo:F20_Performance_Work; crm:E7_Activity,crm:P2_has_type,,,genre,,,Genre,,,,,
56,http://vocab.performing-arts.ch/mneyg,http://vocab.performing-arts.ch/mn,False,Work,,,aat:300054148,,spoken theatre,,,Sprechtheater,Schaupiel; Drama,théâtre dramatique,,teatro drammatico,teatro di prosa
57,http://vocab.performing-arts.ch/mnslv,http://vocab.performing-arts.ch/mneyg,False,Work,,,,,drama with music,,,Schauspiel mit Musik,,,,,
58,http://vocab.performing-arts.ch/mnzgw,http://vocab.performing-arts.ch/mneyg,False,Work,,,,,reading,,,Lesung,szenische Lesung; Rezitation,,,,
59,http://vocab.performing-arts.ch/mnyuk,http://vocab.performing-arts.ch/mn,False,Work,,,,,musical theatre,,,Musiktheater,,théâtre musical,théâtre lyrique,teatro musicale,
60,http://vocab.performing-arts.ch/mnbfm,http://vocab.performing-arts.ch/mnyuk,False,Work,,,aat:300054147,,opera,,,Oper,,opéra,théâtre lyrique,opera,teatro lirico
61,http://vocab.performing-arts.ch/mnols,http://vocab.performing-arts.ch/mnyuk,False,Work,,,,,operetta,,,Operette,,opérette,,operetta,
62,http://vocab.performing-arts.ch/mnwna,http://vocab.performing-arts.ch/mnyuk,False,Work,,,,,musical,,,Musical,,comédie musicale,,musical,
63,http://vocab.performing-arts.ch/mnkqm,http://vocab.performing-arts.ch/mnyuk,False,Work,,,,,recital,,,Liederabend,Rezital,,,,
64,http://vocab.performing-arts.ch/mnlcp,http://vocab.performing-arts.ch/mn,False,Work,,,,,dance,,,Tanz,,dansé,,danza,
65,http://vocab.performing-arts.ch/mnhbj,http://vocab.performing-arts.ch/mnlcp,False,Work,,,,,stage dance,,,Bühnentanz,,théâtre dansé,,teatrodanza,teatro-danza
66,http://vocab.performing-arts.ch/mnygb,http://vocab.performing-arts.ch/mnhbj,False,Work,,,,,ballet,,,Ballett,,ballet,,balletto,
67,http://vocab.performing-arts.ch/mnfwa,http://vocab.performing-arts.ch/mnhbj,False,Work,,,,,expression dance,,,Ausdruckstanz,,Danse libre,danse d'expression,,
68,http://vocab.performing-arts.ch/mnbxj,http://vocab.performing-arts.ch/mnygb,False,Work,,,,,Ballet en action,,,,,Ballet en action,,,
69,http://vocab.performing-arts.ch/mneoj,http://vocab.performing-arts.ch/mnygb,False,Work,,,,,Ballets russes,,,,,Ballets russes,,,
70,http://vocab.performing-arts.ch/mnjzg,http://vocab.performing-arts.ch/mnygb,False,Work,,,,,Baroque dance,,,Barocktanz,,Danse baroque,,,
71,http://vocab.performing-arts.ch/mnmeq,http://vocab.performing-arts.ch/mnlcp,False,Work,,,,,community dance,,,Community Dance,,Community Dance,,,
72,http://vocab.performing-arts.ch/mnktz,http://vocab.performing-arts.ch/mnlcp,False,Work,,,,,DADA,,,DADA,,Dadaisme,,,
73,http://vocab.performing-arts.ch/mnyhs,http://vocab.performing-arts.ch/mnlcp,False,Work,,,,,disco,,,Discotanz,,,,,
74,http://vocab.performing-arts.ch/mnzin,http://vocab.performing-arts.ch/mnlcp,False,Work,,,,,Flamenco,,,Flamenco,,Flamenco,,,
75,http://vocab.performing-arts.ch/mnlok,http://vocab.performing-arts.ch/mnlcp,False,Work,,,,,ballroom dancing,,,Gesellschaftstanz,,Danse de société,,,
76,http://vocab.performing-arts.ch/mnvlp,http://vocab.performing-arts.ch/mnlcp,False,Work,,,,,court ballet,,,Hofballett,,,,,
77,http://vocab.performing-arts.ch/mndyg,http://vocab.performing-arts.ch/mnlcp,False,Work,,,,,Indian dance,,,Indischer Tanz,,,,,
78,http://vocab.performing-arts.ch/mnlxt,http://vocab.performing-arts.ch/mnhbj,False,Work,,,,,improvisation,,,Improvisation,,,,,
79,http://vocab.performing-arts.ch/mnbcj,http://vocab.performing-arts.ch/mnlcp,False,Work,,,,,Japanese Theatre,,,Japanisches Theater,,Théâtre japonais,,,
80,http://vocab.performing-arts.ch/mnaxq,http://vocab.performing-arts.ch/mnbcj,False,Work,,,,,Butho,,,Butho,,,,,
81,http://vocab.performing-arts.ch/mnanz,http://vocab.performing-arts.ch/mnbcj,False,Work,,,,,Kabuki,,,Kabuki,,,,,
82,http://vocab.performing-arts.ch/mnoic,http://vocab.performing-arts.ch/mnbcj,False,Work,,,,,No theatre,,,No-Theater,,,,,
83,http://vocab.performing-arts.ch/mnznu,http://vocab.performing-arts.ch/mnlcp,False,Work,,,,,Jazz Dance,,,Jazztanz,,Danse jazz,,,
84,http://vocab.performing-arts.ch/mnseo,http://vocab.performing-arts.ch/mnlcp,False,Work,,,,,cabaret,,,Kabarett,,Cabaret,,,
85,http://vocab.performing-arts.ch/mnorx,http://vocab.performing-arts.ch/mnseo,False,Work,,,,,Cancan,,,Cancan,,,,,
86,http://vocab.performing-arts.ch/mniww,http://vocab.performing-arts.ch/mnlcp,False,Work,,,,,classical dance,,,Klassischer Tanz,,Danse classique,,,
87,http://vocab.performing-arts.ch/mnddp,http://vocab.performing-arts.ch/mnhbj,False,Work,,,,,conceptual dance,,,Konzepttanz,,Danse conceptuelle,,,
88,http://vocab.performing-arts.ch/mnazh,http://vocab.performing-arts.ch/mnlcp,False,Work,,,,,cult dance,,,Kulttanz,,,,,
89,http://vocab.performing-arts.ch/mnuyk,http://vocab.performing-arts.ch/mnazh,False,Work,,,,,ritual,,,Ritual,,,,,
90,http://vocab.performing-arts.ch/mnjar,http://vocab.performing-arts.ch/mnhbj,False,Work,,,,,minimal dance,,,Minimal Dance,,Minimal Dance,,,
91,http://vocab.performing-arts.ch/mnemr,http://vocab.performing-arts.ch/mnhbj,False,Work,,,,,modern dance,,,Modern Dance,,Danse moderne,,,
92,http://vocab.performing-arts.ch/mnfey,http://vocab.performing-arts.ch/mnlcp,False,Work,,,,,modernism around 1900,,,Moderne um 1900,,Avantgarde vers 1900,,,
93,http://vocab.performing-arts.ch/mnbiq,http://vocab.performing-arts.ch/mnlcp,False,Work,,,,,neoclassical dance,,,Neoklassik,,Ballet néoclassique,,,
94,http://vocab.performing-arts.ch/mniem,http://vocab.performing-arts.ch/mnlcp,False,Work,,,,,non-dance,,,Non-Dance,,,,,
95,http://vocab.performing-arts.ch/mnhgz,http://vocab.performing-arts.ch/mnlcp,False,Work,,,,,Nouveau cirque,,,Nouveau cirque,,Nouveau cirque,,,
96,http://vocab.performing-arts.ch/mnkht,http://vocab.performing-arts.ch/mnlcp,False,Work,,,,,oriental dance,,,Orientalischer Tanz,,,,,
97,http://vocab.performing-arts.ch/mnvfa,http://vocab.performing-arts.ch/mnlcp,False,Work,,,,,mime,,,Pantomime,,Mime,,,
98,http://vocab.performing-arts.ch/mnhaf,http://vocab.performing-arts.ch/mnlcp,False,Work,,,,,Parisian classic,,,Pariser Klassik,,,,,
99,http://vocab.performing-arts.ch/mnjtg,http://vocab.performing-arts.ch/mnhbj,False,Work,,,,,physical theatre,,,Physical Theatre,,Physical Theatre,,,
100,http://vocab.performing-arts.ch/mntin,http://vocab.performing-arts.ch/mnhbj,False,Work,,,,,postmodern dance,,,Postmodern Dance,,Danse postmoderne,,,
101,http://vocab.performing-arts.ch/mnusm,http://vocab.performing-arts.ch/mnlcp,False,Work,,,,,Renaissance dance,,,Renaissancetanz,,Danse da la renaissance,,,
102,http://vocab.performing-arts.ch/mntjx,http://vocab.performing-arts.ch/mnlcp,False,Work,,,,,romantic dance,,,Romantik,,Ballet romantique,,,
103,http://vocab.performing-arts.ch/mnhnw,http://vocab.performing-arts.ch/mnlcp,False,Work,,,,,St. Petersburg classic,,,St. Petersburger Klassik,,,,,
104,http://vocab.performing-arts.ch/mnlep,http://vocab.performing-arts.ch/mnhnw,False,Work,,,,,Petipa classic,,,Petika Klassik,,,,,
105,http://vocab.performing-arts.ch/mnhzn,http://vocab.performing-arts.ch/mnhnw,False,Work,,,,,Russian classic,,,Russische Klassik,,,,,
106,http://vocab.performing-arts.ch/mntcx,http://vocab.performing-arts.ch/mnlcp,False,Work,,,,,tap dance,,,Stepptanz,,Claquettes,,,
107,http://vocab.performing-arts.ch/mndpx,http://vocab.performing-arts.ch/mnlcp,False,Work,,,,,street dance,,,Street Dance,,Street Dance,,,
108,http://vocab.performing-arts.ch/mnllb,http://vocab.performing-arts.ch/mndpx,False,Work,,,,,Hip Hop,,,Hip Hop,,,,,
109,http://vocab.performing-arts.ch/mnpvc,http://vocab.performing-arts.ch/mndpx,False,Work,,,,,Break Dance,,,Breakdance,,,,,
110,http://vocab.performing-arts.ch/mnppw,http://vocab.performing-arts.ch/mnhbj,False,Work,,,,,theatre dance,,,Tanztheater,,Danse théâtre,,,
111,http://vocab.performing-arts.ch/mnsis,http://vocab.performing-arts.ch/mnlcp,False,Work,,,,,folk dance,,,"Volkstanz, Welttanz",,Danse populaire,,,
112,http://vocab.performing-arts.ch/mnipy,http://vocab.performing-arts.ch/mnsis,False,Work,,,,,customs dance,,,Brauchtumstanz,,,,,
113,http://vocab.performing-arts.ch/mnnkf,http://vocab.performing-arts.ch/mnsis,False,Work,,,,,folklore,,,Folklore,,,,,
114,http://vocab.performing-arts.ch/mnhas,http://vocab.performing-arts.ch/mnlcp,False,Work,,,,,pre-ronamtic,,,Vorromantik,,,,,
115,http://vocab.performing-arts.ch/mnfnt,http://vocab.performing-arts.ch/mnhbj,False,Work,,,,,dance in musical,,,Tanz im Musical,,,,,
116,http://vocab.performing-arts.ch/mnlpp,http://vocab.performing-arts.ch/mnhbj,False,Work,,,,,contemporary dance,,,Zeitgenössischer Tanz,,Danse contemporaine,,,
117,http://vocab.performing-arts.ch/mnnvd,http://vocab.performing-arts.ch/mn,False,Work,,,,,other,,,andere,,,,,
118,http://vocab.performing-arts.ch/mnztb,http://vocab.performing-arts.ch/mnnvd,False,Work,,,,,cabaret,,,Kleinkunst,,spectacle de cabaret,,spettacolo cabarettistico,
119,http://vocab.performing-arts.ch/mnnmd,http://vocab.performing-arts.ch/mnztb,False,Work,,,,,chanson,,,Chanson,,,,,
120,http://vocab.performing-arts.ch/mnbjn,http://vocab.performing-arts.ch/mnztb,False,Work,,,,,comedy,,,Comedy,,,,,
121,http://vocab.performing-arts.ch/mnvyr,http://vocab.performing-arts.ch/mnztb,False,Work,,,,,cabaret,,,Kabarett,,cabaret,,cabaret,
122,http://vocab.performing-arts.ch/mnbyg,http://vocab.performing-arts.ch/mnztb,False,Work,,,,,storytelling,,,Erzählkunst,,,,,
123,http://vocab.performing-arts.ch/mndvh,http://vocab.performing-arts.ch/mnnvd,False,Work,,,aat:300248147,,puppetry,,,Figurentheater,,théâtre avec des figurines,,teatro di figura,
124,http://vocab.performing-arts.ch/mnuzw,http://vocab.performing-arts.ch/mndvh,False,Work,,,,,puppetry,,,Marionettentheater,,théâtre des marionnettes,,teatro delle marionette,
125,http://vocab.performing-arts.ch/mnzgv,http://vocab.performing-arts.ch/mndvh,False,Work,,,,,object theatre,,,Objekttheater,,,,,
126,http://vocab.performing-arts.ch/mnubc,http://vocab.performing-arts.ch/mnnvd,False,Work,,,,,vaudeville; circus,,,Variête und Zirkus,,music-hall,spectacle de travesties,varietà,
127,http://vocab.performing-arts.ch/mnnhz,http://vocab.performing-arts.ch/mnubc,False,Work,,,,,circus,,,Zirkus,,,,,
128,http://vocab.performing-arts.ch/mnjzh,http://vocab.performing-arts.ch/mnnhz,False,Work,,,,,children circus project,,,Kinderzirkusprojekt,,,,,
129,http://vocab.performing-arts.ch/mntrp,http://vocab.performing-arts.ch/mnnhz,False,Work,,,,,,,,Kleinzirkus,,,,,
130,http://vocab.performing-arts.ch/mnydj,http://vocab.performing-arts.ch/mnnhz,False,Work,,,,,,,,Strassenzirkus,,,,,
131,http://vocab.performing-arts.ch/mnpyz,http://vocab.performing-arts.ch/mnnhz,False,Work,,,,,,,,Weihnachtszirkus,,,,,
132,http://vocab.performing-arts.ch/mnoiw,http://vocab.performing-arts.ch/mnnhz,False,Work,,,,,,,,Zirkus (Laien),,,,,
133,http://vocab.performing-arts.ch/mntcq,http://vocab.performing-arts.ch/mnubc,False,Work,,,,,vaudeville,,,Variête,Artistik; Jonglage; Clownerie,,,,
134,http://vocab.performing-arts.ch/mneec,http://vocab.performing-arts.ch/mnubc,False,Work,,,,,magic,,,Zauberkunst,,,,,
135,http://vocab.performing-arts.ch/mnawx,http://vocab.performing-arts.ch/mnnvd,False,Work,,,aat:300121445,,performance,performance art,,Performance,,,,,
136,http://vocab.performing-arts.ch/mnbhp,http://vocab.performing-arts.ch/mn,False,Work,,,,,youth,,,Jugend,,,,,
137,http://vocab.performing-arts.ch/hl,,True,Work,frbroo:F31_Performance,crm:P2_has_type,,,performance type,,,Performance-Art,,,,,
138,http://vocab.performing-arts.ch/hlamu,http://vocab.performing-arts.ch/hl,False,Work,,,,,premiere,,,Erstaufführung,,première,,,
139,http://vocab.performing-arts.ch/hlhey,http://vocab.performing-arts.ch/hlamu,False,Work,,,,,world premiere,,,Uraufführung,,première mondiale,,,
141,http://vocab.performing-arts.ch/hlwdj,http://vocab.performing-arts.ch/hlamu,False,Work,,,,,European premiere,,,Europäische Erstaufführung,,première européenne,,,
142,http://vocab.performing-arts.ch/hluxz,http://vocab.performing-arts.ch/hlamu,False,Work,,,,,Swiss premiere,,,Schweizerische Erstaufführung,,première suisse,,,
143,http://vocab.performing-arts.ch/hlosp,http://vocab.performing-arts.ch/hlamu,False,Work,,,,,German language premiere,,,Deutschsprachige Erstaufführung,,première en allemand,,,
144,http://vocab.performing-arts.ch/hlboj,http://vocab.performing-arts.ch/hlamu,False,Work,,,,,French language premiere,,,Französischsprachige Erstaufführung,,première en français,,,
145,http://vocab.performing-arts.ch/hlchl,http://vocab.performing-arts.ch/hlamu,False,Work,,,,,Italian language premiere,,,Italienischsprachige Erstaufführung,,,,,
146,http://vocab.performing-arts.ch/hltwd,http://vocab.performing-arts.ch/hl,False,Work,,,,,restaging,,,(Neuinszenierung),,,,,
147,http://vocab.performing-arts.ch/hlprv,http://vocab.performing-arts.ch/hl,False,Work,,,,,revival,,,Wiederaufnahme,,reprise,,,
148,http://vocab.performing-arts.ch/hlepi,http://vocab.performing-arts.ch/hl,False,Work,,,,,guest performance,,,Gastspiel,,acceuil,,,
149,http://vocab.performing-arts.ch/hlyjh,http://vocab.performing-arts.ch/hl,False,Work,,,,,matinee,,,Matinee,,,,,
150,http://vocab.performing-arts.ch/dw,,True,Object,crm:E22_Man-Made_Object,crm:P2_has_type,,,object type,,,,,,,,
151,http://vocab.performing-arts.ch/dwvhk,http://vocab.performing-arts.ch/dw,False,Object,,,,,place,,,Ort,,,,,
152,http://vocab.performing-arts.ch/dwmkn,http://vocab.performing-arts.ch/dw,False,Object,,,,,venue,,,Bühne,,,,,
153,http://vocab.performing-arts.ch/dwelq,http://vocab.performing-arts.ch/dw,False,Object,,,,,item,,,Objekt,,,,,
154,http://vocab.performing-arts.ch/eo,,True,Object,crm:E62_String,crm:P2_has_type,,,note type,,,,,,,,
155,http://vocab.performing-arts.ch/eoept,http://vocab.performing-arts.ch/eo,False,Object,,,,,description,,,Beschreibung,,,,,
156,http://vocab.performing-arts.ch/eonvd,http://vocab.performing-arts.ch/eo,False,Object,,,,,public note,,,öffentlicher Kommentar,,,,,
157,http://vocab.performing-arts.ch/eokdx,http://vocab.performing-arts.ch/eo,False,Object,,,,,internal note,,,interner Kommentar,,,,,
158,http://vocab.performing-arts.ch/df,,True,Object,ric:E11_DocumentaryForm,ric:P58_Type,,,documentary form,,,Formen der Dokumentation,,,,,
159,http://vocab.performing-arts.ch/dflvv,http://vocab.performing-arts.ch/df,False,Object,,,aat:300026031,,document genre,,,Dokumentgattungen,,genre de document,,,
160,http://vocab.performing-arts.ch/dfhdo,http://vocab.performing-arts.ch/dflvv,False,Object,,,aat:300417623,,dance notation,,,Notation,,notation,,,
161,http://vocab.performing-arts.ch/dfmyd,http://vocab.performing-arts.ch/dflvv,False,Object,,,aat:300028037,,personal paper,,,,,document personnel,,,
162,http://vocab.performing-arts.ch/dfwox,http://vocab.performing-arts.ch/dflvv,False,Object,,,aat:300026877,,correspondence,,,Korrespondenz,,correspondance,,,
163,http://vocab.performing-arts.ch/dfzpy,http://vocab.performing-arts.ch/dflvv,False,Object,,,aat:300027200,,note,,,Notiz,,note,,,
164,http://vocab.performing-arts.ch/dfyfs,http://vocab.performing-arts.ch/dflvv,False,Object,,,aat:300027112,,diary,,,Tagebuch,,agenda,,,
165,http://vocab.performing-arts.ch/dfowt,http://vocab.performing-arts.ch/dflvv,False,Object,,,aat:300027568,,invoice,,,Rechnung,,facture,,,
166,http://vocab.performing-arts.ch/dffop,http://vocab.performing-arts.ch/dflvv,False,Object,,,aat:300026867,,clipping,,,Zeitungsartikel,,article de presse,,,
167,http://vocab.performing-arts.ch/dfblx,http://vocab.performing-arts.ch/dflvv,False,Object,,,aat:300249572,,promotional material,,,,,matériel promotionnel,,,
168,http://vocab.performing-arts.ch/dfqot,http://vocab.performing-arts.ch/df,False,Object,,,aat:300027221,,poster,,,Plakat,,affiche,,,
169,http://vocab.performing-arts.ch/dfzcy,http://vocab.performing-arts.ch/dfqot,False,Object,,,,,institutional poster,,,Hausplakat,,,,,
170,http://vocab.performing-arts.ch/dfjoa,http://vocab.performing-arts.ch/dfqot,False,Object,,,,,production poster,,,Stückplakat,,,,,
171,http://vocab.performing-arts.ch/dffvd,http://vocab.performing-arts.ch/dfqot,False,Object,,,,,schedule poster,,,Spielplanplakat,,,,,
172,http://vocab.performing-arts.ch/dfszq,http://vocab.performing-arts.ch/dfqot,False,Object,,,,,program poster,,,Programmplakat,,,,,
173,http://vocab.performing-arts.ch/dfemz,http://vocab.performing-arts.ch/dfqot,False,Object,,,,,season poster,,,Saisonplakat,,,,,
174,http://vocab.performing-arts.ch/dfnrv,http://vocab.performing-arts.ch/dfqot,False,Object,,,,,event poster,lecture poster,,Veranstaltungsplakat,Vortragsplakat,,,,
175,http://vocab.performing-arts.ch/dftws,http://vocab.performing-arts.ch/dfqot,False,Object,,,,,festival poster,,,Festivalplakat,,,,,
176,http://vocab.performing-arts.ch/dfcbi,http://vocab.performing-arts.ch/dfqot,False,Object,,,,,circus poster,,,Zirkusplakat,,,,,
177,http://vocab.performing-arts.ch/dfmzh,http://vocab.performing-arts.ch/dfqot,False,Object,,,,,fim poster,,,Filmplakat,,,,,
178,http://vocab.performing-arts.ch/dffci,http://vocab.performing-arts.ch/dfqot,False,Object,,,,,course poster,,,Kursplakat,,,,,
179,http://vocab.performing-arts.ch/dfeov,http://vocab.performing-arts.ch/dfqot,False,Object,,,,,art poster,,,Kunstplakat,,,,,
180,http://vocab.performing-arts.ch/dfhmi,http://vocab.performing-arts.ch/dfqot,False,Object,,,,,concert poster,,,Konzertplakat,,,,,
181,http://vocab.performing-arts.ch/dfhwk,http://vocab.performing-arts.ch/dfqot,False,Object,,,,,exhibition poster,,,Ausstellungsplakat,,,,,
182,http://vocab.performing-arts.ch/dfdui,http://vocab.performing-arts.ch/df,False,Object,,,aat:300046300,,photograph,,,Fotografie,,photographie,,,
183,http://vocab.performing-arts.ch/dfrsp,http://vocab.performing-arts.ch/dfdui,False,Object,,,aat:300127173,,negative,,,,,négatif,,,
184,http://vocab.performing-arts.ch/dfqrl,http://vocab.performing-arts.ch/dfdui,False,Object,,,aat:300138191,,positive,,,,,positif,,,
185,http://vocab.performing-arts.ch/dfeip,http://vocab.performing-arts.ch/df,False,Object,,,,,design,,,Entwurf,,Projet,,,
186,http://vocab.performing-arts.ch/dfrsu,http://vocab.performing-arts.ch/dfeip,False,Object,,,aat:300054190,,stage set design,scenography,,Bühnenbildentwurf,,projet de décor,,schizzo di scenografia,bozzetto
187,http://vocab.performing-arts.ch/dfecs,http://vocab.performing-arts.ch/dfeip,False,Object,,,aat:300163423,,costume design,,,Kostümentwurf,,projet de costume,,,
188,http://vocab.performing-arts.ch/dfrwd,http://vocab.performing-arts.ch/df,False,Object,,,aat:300185711,,object,,,,,objet,,,
189,http://vocab.performing-arts.ch/dftng,http://vocab.performing-arts.ch/dfrwd,False,Object,,,,,costume,,,Kostüm,,costume,,,
190,http://vocab.performing-arts.ch/dfvjf,http://vocab.performing-arts.ch/dfrwd,False,Object,,,aat:300251645,,stage accessorie,,,,,accessoire de scène,,,
191,http://vocab.performing-arts.ch/dfuuh,http://vocab.performing-arts.ch/dfrwd,False,Object,,,,,stage model,,,Bühnenbildmodell,,maquette,maquette construite de scène,modello di scenografia,
192,http://vocab.performing-arts.ch/dfsze,http://vocab.performing-arts.ch/dfrwd,False,Object,,,,,personal object,,,,,object personnel,,,
193,http://vocab.performing-arts.ch/dfwrq,http://vocab.performing-arts.ch/df,False,Object,,,,,video recording,,,Videoaufzeichnung,,enregistrement vidéo,,,
194,http://vocab.performing-arts.ch/dfdzo,http://vocab.performing-arts.ch/df,False,Object,,,aat:300015617,,sketch,,,,,esquisse,,,
195,http://vocab.performing-arts.ch/dfjdc,http://vocab.performing-arts.ch/df,False,Object,,,aat:300033973,,drawing,,,Zeichnung,,dessin,,,
196,http://vocab.performing-arts.ch/dfkoy,http://vocab.performing-arts.ch/df,False,Object,,,aat:300033618,,painting,,,,,peinture,,,
197,http://vocab.performing-arts.ch/dfpwk,http://vocab.performing-arts.ch/dfkoy,False,Object,,,aat:300181918,,acrylic painting,,,,,peinture acrylique,,,
198,http://vocab.performing-arts.ch/dfgei,http://vocab.performing-arts.ch/dfkoy,False,Object,,,aat:300033799,,oil painting,,,,,peinture à l'huile,,,
199,http://vocab.performing-arts.ch/dfoff,http://vocab.performing-arts.ch/dfkoy,False,Object,,,aat:300078925,,watercolor,,,,,aquarelle,,,
200,http://vocab.performing-arts.ch/fr,,True,Object,crm:E22_Man-Made_Object; ric:E1_Record,crm:P2_has_type; ric:P13_Production_Technique,,,production technique,,,Produktionstechnik,,,,,
201,http://vocab.performing-arts.ch/frgzf,http://vocab.performing-arts.ch/fr,False,Object,,,aat:300041273; rdapm:1010,,print,,,Druck,,gravure,estampe,stampa,impressione
202,http://vocab.performing-arts.ch/frabo,http://vocab.performing-arts.ch/frgzf,False,Object,,,aat:300041567,,original print?,,,Original,,,,,
203,http://vocab.performing-arts.ch/friyp,http://vocab.performing-arts.ch/frgzf,False,Object,,,aat:300178926,,letterpress,,,Buchdruck,,impression en relief typographique,,stampa tipografica,
204,http://vocab.performing-arts.ch/fracn,http://vocab.performing-arts.ch/frgzf,False,Object,,,aat:300041338,,intaglio print,,,Tiefdruck,,gravure en creux,,,
205,http://vocab.performing-arts.ch/fragx,http://vocab.performing-arts.ch/frgzf,False,Object,,,aat:300041393,,linocut,,,Linolschnitt,,,,,
206,http://vocab.performing-arts.ch/frbbo,http://vocab.performing-arts.ch/frgzf,False,Object,,,aat:300041379; rdapm:1007,,lithography,,,Lithografie,Steindruck,lithographie,,litografia,
207,http://vocab.performing-arts.ch/frhoj,http://vocab.performing-arts.ch/frgzf,False,Object,,,aat:300053279,,offset-printed,,,Offsetdruck,,impression offset,,stampa offset,
208,http://vocab.performing-arts.ch/frcbt,http://vocab.performing-arts.ch/frgzf,False,Object,,,aat:300178688,,screen print,serigraph,,Siebdruck,,sérigraphie,,,
209,http://vocab.performing-arts.ch/frhui,http://vocab.performing-arts.ch/frgzf,False,Object,,,aat:300312222,,digital print,laser printing?,,Digitaldruck,,,,,
210,http://vocab.performing-arts.ch/frkub,http://vocab.performing-arts.ch/frhui,False,Object,,,aat:300265621,,inkjet print,,,Tintenstrahldruck,,,,,
211,http://vocab.performing-arts.ch/frbyr,http://vocab.performing-arts.ch/fr,False,Object,,,,,photography,,,Fotografie,,,,,
212,http://vocab.performing-arts.ch/frvrj,http://vocab.performing-arts.ch/frbyr,False,Object,,,aat:300133322,,heliography,Niépceotype; bitumen process,,Heliografie,,,,,
213,http://vocab.performing-arts.ch/frbvo,http://vocab.performing-arts.ch/fr,False,Object,,,aat:300154355; rdapm:1003,,collotype,,,Lichtdruck,Kollotypie,collotypie,phototypie,collotipia,
214,http://vocab.performing-arts.ch/froqj,http://vocab.performing-arts.ch/fr,False,Object,,,aat:300136847; rdapm:1008,,photocopy,,,Fotokopie,,photocopie,,fotocopia,
215,http://vocab.performing-arts.ch/zj,,True,Object,crm:E22_Man-Made_Object,crm:P45_consists_of,,,material,,,,,,,,
216,http://vocab.performing-arts.ch/zjkjx,http://vocab.performing-arts.ch/zj,False,Object,,,aat:300011914; rdamat:1045,,wood,,,Holz,,bois,,,
217,http://vocab.performing-arts.ch/zjajf,http://vocab.performing-arts.ch/zj,False,Object,,,aat:300014109; rdamat:1025,,paper,,,Papier,,papier,,,
218,http://vocab.performing-arts.ch/zjagy,http://vocab.performing-arts.ch/zjajf,False,Object,,,aat:300014224; rdamat:1006,,cardboard,,,Karton,,carton,,,
219,http://vocab.performing-arts.ch/zjyky,http://vocab.performing-arts.ch/zj,False,Object,,,aat:300231565; rdamat:1039,,textile,,,Faserstoff,Textil,textile,,,
220,http://vocab.performing-arts.ch/zjjpx,http://vocab.performing-arts.ch/zjyky,False,Object,,,aat:300014067,,cotton,,,Baumwolle,,coton,,,
221,http://vocab.performing-arts.ch/zjsuw,http://vocab.performing-arts.ch/zjyky,False,Object,,,aat:300243428,,silk,,,Seide,,soie,,,
222,http://vocab.performing-arts.ch/zjdyt,http://vocab.performing-arts.ch/zjyky,False,Object,,,aat:300133711,,velvet,,,Samt,,velours,,,
223,http://vocab.performing-arts.ch/zjvpd,http://vocab.performing-arts.ch/zj,False,Object,,,aat:300011845; rdamat:1020,,leather,,,Leder,,cuir,,,
224,http://vocab.performing-arts.ch/zjwcj,http://vocab.performing-arts.ch/zj,False,Object,,,aat:300010900; rdamat:1022,,metal,,,Metall,,métal,,,
225,http://vocab.performing-arts.ch/zjujz,http://vocab.performing-arts.ch/zj,False,Object,,,aat:300010797; rdamat:1012,,glass,,,Glas,,verre,,,
226,http://vocab.performing-arts.ch/zjjoe,http://vocab.performing-arts.ch/zj,False,Object,,,aat:300014570; rdamat:1029,,plastic,,,Kunststoff,,plastique,,,
227,http://vocab.performing-arts.ch/zjtdg,http://vocab.performing-arts.ch/zj,False,Object,,,aat:300011827,,pearls,,,Perlen,,perles,,,
228,http://vocab.performing-arts.ch/qo,,True,Object,ric:E1_Record,ric:P12_Media_Type,,,media type,,,,,,,,
229,http://vocab.performing-arts.ch/qofcq,http://vocab.performing-arts.ch/qo,False,Object,,,,,audio,,,,,,,,
230,http://vocab.performing-arts.ch/qoyhc,http://vocab.performing-arts.ch/qo,False,Object,,,,,video,,,,,,,,
231,http://vocab.performing-arts.ch/qosaf,http://vocab.performing-arts.ch/qo,False,Object,,,,,computer,,,,,,,,
232,http://vocab.performing-arts.ch/qovqg,http://vocab.performing-arts.ch/qo,False,Object,,,,,unmediated,,,,,,,,
233,http://vocab.performing-arts.ch/fv,,True,Object,ric:E1_Record,ric:P14_Medium,,,medium,,,,,,,,
234,http://vocab.performing-arts.ch/fvajf,http://vocab.performing-arts.ch/fv,False,Object,,,aat:300014109,,paper,,,Papier,,,,,
235,http://vocab.performing-arts.ch/fvukd,http://vocab.performing-arts.ch/fvajf,False,Object,,,aat:300026816,,postcard,,,Postkarte,,,,,
236,http://vocab.performing-arts.ch/fvese,http://vocab.performing-arts.ch/fv,False,Object,,,aat:300046300,,photographic image,,,Fotografie,,,,,
237,http://vocab.performing-arts.ch/fvbrm,http://vocab.performing-arts.ch/fvese,False,Object,,,aat:300127173,,photo negative,,,Fotonegative,,,,,
238,http://vocab.performing-arts.ch/fvuut,http://vocab.performing-arts.ch/fvese,False,Object,,,aat:300138191,,photo positive,,,Fotopositiv,,,,,
239,http://vocab.performing-arts.ch/fvdex,http://vocab.performing-arts.ch/fvuut,False,Object,,,aat:300127104,,photographic print,,,Abzug (Fotografie),,,,,
240,http://vocab.performing-arts.ch/fvmoi,http://vocab.performing-arts.ch/fvuut,False,Object,,,aat:300128371,,slide,,,Diapositiv,Dia,diapositive,,,
241,http://vocab.performing-arts.ch/fvwry,http://vocab.performing-arts.ch/fvuut,False,Object,,,aat:300127169,,contact print,,,Kontaktabzug,,planche-contact,,,
242,http://vocab.performing-arts.ch/fvzfk,http://vocab.performing-arts.ch/fv,False,Object,,,aat:300014637,,film,,,,,,,,
243,http://vocab.performing-arts.ch/fvpso,http://vocab.performing-arts.ch/fvzfk,False,Object,,,,,8mm format,,,8mm Format,,,,,
244,http://vocab.performing-arts.ch/fvqow,http://vocab.performing-arts.ch/fvpso,False,Object,,,aat:300263859,,8mm,,,8mm,Normal-8,,,,
245,http://vocab.performing-arts.ch/fvmrk,http://vocab.performing-arts.ch/fvpso,False,Object,,,aat:300263860,,Super 8,,,Super 8,,,,,
246,http://vocab.performing-arts.ch/fvhcu,http://vocab.performing-arts.ch/fvzfk,False,Object,,,,,16mm format,,,16mm Format,,,,,
247,http://vocab.performing-arts.ch/fvvyd,http://vocab.performing-arts.ch/fvhcu,False,Object,,,aat:300263815,,16mm,,,16mm,,,,,
248,http://vocab.performing-arts.ch/fvhhx,http://vocab.performing-arts.ch/fvhcu,False,Object,,,aat:300264669,,Super 16mm,,,Super 16mm,,,,,
249,http://vocab.performing-arts.ch/fvmdu,http://vocab.performing-arts.ch/fvzfk,False,Object,,,aat:300263816,,35mm,,,35mm,,,,,
250,http://vocab.performing-arts.ch/fvgye,http://vocab.performing-arts.ch/fv,False,Object,,,aat:300028643,,phonograph record,,,,,,,,
251,http://vocab.performing-arts.ch/fvmql,http://vocab.performing-arts.ch/fvgye,False,Object,,,aat:300265800,,45 rpm record,,,,,,,,
252,http://vocab.performing-arts.ch/fvrpy,http://vocab.performing-arts.ch/fvgye,False,Object,,,aat:300265790,,78 rpm record,,,,,,,,
253,http://vocab.performing-arts.ch/fvyxa,http://vocab.performing-arts.ch/fvgye,False,Object,,,aat:300265802,,long-playing record,,,,,,,,
254,http://vocab.performing-arts.ch/fvdie,http://vocab.performing-arts.ch/fv,False,Object,,,,,magnetic disc,,,,,,,,
255,http://vocab.performing-arts.ch/fvkmy,http://vocab.performing-arts.ch/fvdie,False,Object,,,aat:300028553,,floppy disk,,,,,,,,
256,http://vocab.performing-arts.ch/fvhcz,http://vocab.performing-arts.ch/fvkmy,False,Object,,,,,"8"" floppy",,,,,,,,
257,http://vocab.performing-arts.ch/fvulp,http://vocab.performing-arts.ch/fvkmy,False,Object,,,,,"5""1/4 floppy",,,,,,,,
258,http://vocab.performing-arts.ch/fvlyj,http://vocab.performing-arts.ch/fvkmy,False,Object,,,,,"3""1/2 floppy",,,,,,,,
259,http://vocab.performing-arts.ch/fvhuq,http://vocab.performing-arts.ch/fvdie,False,Object,,,,,MiniDisc,,,,,,,,
260,http://vocab.performing-arts.ch/fvodj,http://vocab.performing-arts.ch/fv,False,Object,,,,,magnetic tape,,,Magnetband,,,,,
261,http://vocab.performing-arts.ch/fvtfa,http://vocab.performing-arts.ch/fvodj,False,Object,,,aat:300417312,,open reel audiotape,,,Open Reel Audio Tape,,,,,
262,http://vocab.performing-arts.ch/fvzxp,http://vocab.performing-arts.ch/fvodj,False,Object,,,aat:300028661,,audio cassette,,,Audiokassette,,,,,
263,http://vocab.performing-arts.ch/fvpln,http://vocab.performing-arts.ch/fvzxp,False,Object,,,,,Compact Cassette,Compact Audio Cassette; CAC,,Kompaktkassette,,,,,
264,http://vocab.performing-arts.ch/fvicw,http://vocab.performing-arts.ch/fvzxp,False,Object,,,,,DCC,Digital Compact Cassette,,,,,,,
265,http://vocab.performing-arts.ch/fvlyk,http://vocab.performing-arts.ch/fvzxp,False,Object,,,,,DAT,Digital Audio Tape,,,,,,,
266,http://vocab.performing-arts.ch/fvlvi,http://vocab.performing-arts.ch/fvodj,False,Object,,,,,open reel videotape,,,,,,,,
267,http://vocab.performing-arts.ch/fvrtb,http://vocab.performing-arts.ch/fvlvi,False,Object,,,,,"1"" Type C",,,"1"" Type C",,,,,
268,http://vocab.performing-arts.ch/fvkyo,http://vocab.performing-arts.ch/fvlvi,False,Object,,,,,"1/2"" open reel",,,"1/2"" Open Reel",,,,,
269,http://vocab.performing-arts.ch/fvevf,http://vocab.performing-arts.ch/fvlvi,False,Object,,,,,"2"" Quad",,,"2"" Quad",,,,,
270,http://vocab.performing-arts.ch/fverx,http://vocab.performing-arts.ch/fvodj,False,Object,,,aat:300028692,,video cassette,,,Videokassette,,,,,
271,http://vocab.performing-arts.ch/fvskn,http://vocab.performing-arts.ch/fverx,False,Object,,,rdavf:1014,,U-matic,,,U-matic,,,,,
272,http://vocab.performing-arts.ch/fvxpt,http://vocab.performing-arts.ch/fvskn,False,Object,,,,,"U-matic 1/2""",,,"U-matic 1/2""",,,,,
273,http://vocab.performing-arts.ch/fvfws,http://vocab.performing-arts.ch/fvskn,False,Object,,,,,"U-matic 3/4""",,,"U-matic 3/4""",,,,,
274,http://vocab.performing-arts.ch/fvuhk,http://vocab.performing-arts.ch/fvskn,False,Object,,,,,"U-matic 3/4"" SP",,,"U-matic 3/4"" SP",,,,,
275,http://vocab.performing-arts.ch/fveny,http://vocab.performing-arts.ch/fvskn,False,Object,,,,,U-matic HB,,,U-matic HB,,,,,
276,http://vocab.performing-arts.ch/fvhiw,http://vocab.performing-arts.ch/fverx,False,Object,,,aat:300404417; rdavf:1001,,Betamax,,,Betamax,,,,,
277,http://vocab.performing-arts.ch/fvgwb,http://vocab.performing-arts.ch/fverx,False,Object,,,,,Video 2000,,,Video 2000,,,,,
278,http://vocab.performing-arts.ch/fvoda,http://vocab.performing-arts.ch/fverx,False,Object,,,,,VHS format,,,VHS Format,,,,,
279,http://vocab.performing-arts.ch/fvywh,http://vocab.performing-arts.ch/fvoda,False,Object,,,aat:300264683; rdavf:1015,,VHS,,,VHS,,,,,
280,http://vocab.performing-arts.ch/fvlxb,http://vocab.performing-arts.ch/fvoda,False,Object,,,,,VHS-C,,,VHS-C,,,,,
281,http://vocab.performing-arts.ch/fvviy,http://vocab.performing-arts.ch/fvoda,False,Object,,,aat:300264684; rdavf:1012,,S-VHS,Super VHS,,S-VHS,,,,,
282,http://vocab.performing-arts.ch/fvjej,http://vocab.performing-arts.ch/fvoda,False,Object,,,,,S-VHS-C,Super VHS-C,,S-VHS-C,,,,,
283,http://vocab.performing-arts.ch/fvpco,http://vocab.performing-arts.ch/fvoda,False,Object,,,,,D-VHS,Digital VHS,,D-VHS,,,,,
284,http://vocab.performing-arts.ch/fvunk,http://vocab.performing-arts.ch/fverx,False,Object,,,rdavf:1007,,8mm format,,,8mm Format,,,,,
285,http://vocab.performing-arts.ch/fvxdz,http://vocab.performing-arts.ch/fvunk,False,Object,,,,,Video8,,,Video8,,,,,
286,http://vocab.performing-arts.ch/fvjbs,http://vocab.performing-arts.ch/fvunk,False,Object,,,rdavf:1008,,Hi8,Hi-8-mm,,Hi8,,,,,
287,http://vocab.performing-arts.ch/fvpro,http://vocab.performing-arts.ch/fvunk,False,Object,,,,,Digital 8,,,Digital 8,,,,,
288,http://vocab.performing-arts.ch/fvpmq,http://vocab.performing-arts.ch/fverx,False,Object,,,,,DV,,,,,,,,
289,http://vocab.performing-arts.ch/fvecx,http://vocab.performing-arts.ch/fvpmq,False,Object,,,aat:300264690,,MiniDV,Mini-DV,,,,,,,
290,http://vocab.performing-arts.ch/fvvax,http://vocab.performing-arts.ch/fvpmq,False,Object,,,,,DVCAM,,,,,,,,
291,http://vocab.performing-arts.ch/fvmoe,http://vocab.performing-arts.ch/fvpmq,False,Object,,,,,DVCPro,,,,,,,,
292,http://vocab.performing-arts.ch/fvidn,http://vocab.performing-arts.ch/fvpmq,False,Object,,,,,HDV,,,,,,,,
293,http://vocab.performing-arts.ch/fvjtf,http://vocab.performing-arts.ch/fverx,False,Object,,,aat:300264686; rdavf:1002,,Betacam,,,,,,,,
294,http://vocab.performing-arts.ch/fvhxo,http://vocab.performing-arts.ch/fvjtf,False,Object,,,aat:300264687; rdavf:1016,,BetacamSP,Beta SP,,,,,,,
295,http://vocab.performing-arts.ch/fvvnm,http://vocab.performing-arts.ch/fvjtf,False,Object,,,,,BetacamSX,,,,,,,,
296,http://vocab.performing-arts.ch/fvqle,http://vocab.performing-arts.ch/fvjtf,False,Object,,,aat:300264688,,Digital Betacam,Digi Beta,,,,,,,
297,http://vocab.performing-arts.ch/fvzrb,http://vocab.performing-arts.ch/fverx,False,Object,,,rdavf:1005,,D2,,,,,,,,
298,http://vocab.performing-arts.ch/fvuus,http://vocab.performing-arts.ch/fverx,False,Object,,,,,D3,,,,,,,,
299,http://vocab.performing-arts.ch/fvruf,http://vocab.performing-arts.ch/fverx,False,Object,,,,,D9,Digital-S,,D9,Digital-S,,,,
300,http://vocab.performing-arts.ch/fvaha,http://vocab.performing-arts.ch/fv,False,Object,,,,,optical disc,,,,,,,,
301,http://vocab.performing-arts.ch/fvlkh,http://vocab.performing-arts.ch/fvaha,False,Object,,,,,CD,Compact Disc,,,,,,,
302,http://vocab.performing-arts.ch/fvgbf,http://vocab.performing-arts.ch/fvlkh,False,Object,,,,,CD-R,,,,,,,,
303,http://vocab.performing-arts.ch/fvsvv,http://vocab.performing-arts.ch/fvaha,False,Object,,,,,SACD,Super Audio CD,,,,,,,
304,http://vocab.performing-arts.ch/fvzuj,http://vocab.performing-arts.ch/fvaha,False,Object,,,aat:300264677,,DVD,DVD-Video; Digital Versatile Disc; Digital Video Disc,,,,,,,
305,http://vocab.performing-arts.ch/fvodg,http://vocab.performing-arts.ch/fvaha,False,Object,,,,,DVD-Audio,,,,,,,,
306,http://vocab.performing-arts.ch/fvefk,http://vocab.performing-arts.ch/fvzuj,False,Object,,,,,DVD-R,,,,,,,,
307,http://vocab.performing-arts.ch/fvxmd,http://vocab.performing-arts.ch/fvzuj,False,Object,,,,,DVD-RW,,,,,,,,
308,http://vocab.performing-arts.ch/fvhaq,http://vocab.performing-arts.ch/fvaha,False,Object,,,,,LaserDisc,,,,,,,,
309,http://vocab.performing-arts.ch/fvuum,http://vocab.performing-arts.ch/fvaha,False,Object,,,,,Blu-Ray,,Blue-Ray,,,,,,
310,http://vocab.performing-arts.ch/fvfac,http://vocab.performing-arts.ch/fvaha,False,Object,,,,,HD-DVD,,,,,,,,
311,http://vocab.performing-arts.ch/fvqpw,http://vocab.performing-arts.ch/fvaha,False,Object,,,,,VCD,Video CD,,,,,,,
312,http://vocab.performing-arts.ch/fvfce,http://vocab.performing-arts.ch/fvqpw,False,Object,,,,,SVCD,,,,,,,,
313,http://vocab.performing-arts.ch/oe,,True,Object,,rdau:colour content,,,color content,colour content,,,,,,,
314,http://vocab.performing-arts.ch/oemfb,http://vocab.performing-arts.ch/oe,False,Object,,,rdacc:1002,,monochrom,,,einfarbig,,,,,
315,http://vocab.performing-arts.ch/oelmo,http://vocab.performing-arts.ch/oe,False,Object,,,rdacc:1003,,polychrom,,,mehrfarbig,,,,,
316,http://vocab.performing-arts.ch/nn,,True,Object,,rdau:has broadcast standard,,,broadcast standard,,,,,,,,
317,http://vocab.performing-arts.ch/nnkde,http://vocab.performing-arts.ch/nn,False,Object,,,rdabs:1001,,HDTV,,,HDTV,,TVHD,,HDTV,
318,http://vocab.performing-arts.ch/nnsiy,http://vocab.performing-arts.ch/nn,False,Object,,,rdabs:1002,,NTSC,,,NTSC,,NTSC,,NTSC,
319,http://vocab.performing-arts.ch/nnmfw,http://vocab.performing-arts.ch/nn,False,Object,,,rdabs:1003,,PAL,,,PAL,,PAL,,PAL,
320,http://vocab.performing-arts.ch/nnhwm,http://vocab.performing-arts.ch/nn,False,Object,,,rdabs:1004,,SECAM,,,SECAM,,SECAM,,SECAM,
321,http://vocab.performing-arts.ch/uq,,True,Object,,ebucore:scanningFormat,,,video scanning format,,,,,,,,
322,http://vocab.performing-arts.ch/uqrpj,http://vocab.performing-arts.ch/uq,False,Object,,,,,interlaced,,,,,,,,
323,http://vocab.performing-arts.ch/uqtmg,http://vocab.performing-arts.ch/uq,False,Object,,,,,progressive,,,,,,,,
324,http://vocab.performing-arts.ch/bp,,True,Object,,ebucore:scanningOrder,,,video scanning order,,,,,,,,
325,http://vocab.performing-arts.ch/bpycy,http://vocab.performing-arts.ch/bp,False,Object,,,,,top,upper,,,,,,,
326,http://vocab.performing-arts.ch/bpwfe,http://vocab.performing-arts.ch/bp,False,Object,,,,,bottom,lower,,,,,,,
327,http://vocab.performing-arts.ch/en,,True,Object,ric:E1_Record,ric:P10_Encoding_Format,,mime types,encoding format,,,,,,,,
334,http://vocab.performing-arts.ch/qe,,True,Object,ric:E3_RecordSet,ric:P58_Type,,,archival level,,,Archivebene,,,,,
335,http://vocab.performing-arts.ch/qexvc,http://vocab.performing-arts.ch/qe,False,Object,,,,,record set type,,,Record-Set-Typ,,,,,
336,http://vocab.performing-arts.ch/qeicn,http://vocab.performing-arts.ch/qe,False,Object,,,,,collection,,,Sammlung,,,,,
337,http://vocab.performing-arts.ch/qeqjk,http://vocab.performing-arts.ch/qeicn,False,Object,,,,,section,,,Hauptabteilung,,,,,
338,http://vocab.performing-arts.ch/qevhn,http://vocab.performing-arts.ch/qeicn,False,Object,,,,,sub-section,,,Unterabteilung,,,,,
340,http://vocab.performing-arts.ch/qejki,http://vocab.performing-arts.ch/qexvc,False,Object,,,,,fonds,,,Bestand,,,,,
341,http://vocab.performing-arts.ch/qezip,http://vocab.performing-arts.ch/qexvc,False,Object,,,,,sub-fonds,,,Teilbestand,,,,,
342,http://vocab.performing-arts.ch/qegrv,http://vocab.performing-arts.ch/qexvc,False,Object,,,,,series,,,Serie,,,,,
343,http://vocab.performing-arts.ch/qekqz,http://vocab.performing-arts.ch/qexvc,False,Object,,,,,file,,,Dossier,,,,,
344,http://vocab.performing-arts.ch/qeelq,http://vocab.performing-arts.ch/qe,False,Object,ric:E1_Record; crm:E70_Thing,,,,item,,,Dokument,,,,,
345,http://vocab.performing-arts.ch/wa,,True,Object,crm:E42_Identifier,crm:P2_has_type,,,identifier,,,,,,,,
346,http://vocab.performing-arts.ch/wayst,http://vocab.performing-arts.ch/wa,False,Object,,,,,signature,,,Signature,,cote,,,
347,http://vocab.performing-arts.ch/wajzb,http://vocab.performing-arts.ch/wa,False,Object,,,,,delivery number,,,Ablieferungsnummer,,n° de versement,,,
348,http://vocab.performing-arts.ch/wamim,http://vocab.performing-arts.ch/wa,False,Object,,,,,previous signature,,,vorherige Signatur,,cote précédente,,,
349,http://vocab.performing-arts.ch/yy,,True,Object,,,,,permission,,,,,,,,
350,http://vocab.performing-arts.ch/zb,,True,Object,,,,,accrual status,,,,,,,,
351,http://vocab.performing-arts.ch/xg,,True,Object,,,,,classification,,,,,,,,
352,http://vocab.performing-arts.ch/tj,,True,Object,,,,,access category,,,,,,,,
353,http://vocab.performing-arts.ch/tjzns,http://vocab.performing-arts.ch/tj,False,Object,,,,,public,,,,,,,,
354,http://vocab.performing-arts.ch/tjeev,http://vocab.performing-arts.ch/tj,False,Object,,,,,staff only,,,,,,,,
355,http://vocab.performing-arts.ch/sz,,True,Object,,,,,conditions of access,,,,,,,,
356,http://vocab.performing-arts.ch/ha,,True,Object,,,,,conditions of use,,,,,,,,
357,http://vocab.performing-arts.ch/mu,,True,Activity,crm:E7_Activity,crm:P2_has_type,,,activity type,,,,,,,,
358,http://vocab.performing-arts.ch/muyql,http://vocab.performing-arts.ch/mu,False,Activity,,,,is creator of,creation,,,,,,,,
359,http://vocab.performing-arts.ch/muiuk,http://vocab.performing-arts.ch/mu,False,Activity,,,,is author of,authorship,,,,,,,,
360,http://vocab.performing-arts.ch/mujmh,http://vocab.performing-arts.ch/mu,False,Activity,,,,is librettist of,libretto,,,,,,,,
361,http://vocab.performing-arts.ch/muvhj,http://vocab.performing-arts.ch/mu,False,Activity,,,,is lyricist of,lyrics,,,,,,,,
362,http://vocab.performing-arts.ch/mupot,http://vocab.performing-arts.ch/mu,False,Activity,,,,is screenwriter of,screenplay,,,,,,,,
363,http://vocab.performing-arts.ch/mudcw,http://vocab.performing-arts.ch/mu,False,Activity,,,,is adaptor of,adaption,,,,,,,,
364,http://vocab.performing-arts.ch/muqwg,http://vocab.performing-arts.ch/mu,False,Activity,,,,is television adaptor of,television adaption,,,,,,,,
365,http://vocab.performing-arts.ch/mujpp,http://vocab.performing-arts.ch/mu,False,Activity,,,,is editor of,editing,,,,,,,,
366,http://vocab.performing-arts.ch/muwyo,http://vocab.performing-arts.ch/mu,False,Activity,,,,is translator of,translation,,,,,,,,
367,http://vocab.performing-arts.ch/musim,http://vocab.performing-arts.ch/mu,False,Activity,,,,is dramaturge of,dramaturgy,,,,,,,,
368,http://vocab.performing-arts.ch/mupvk,http://vocab.performing-arts.ch/mu,False,Activity,,,,is writer of added text of,added text,,,,,,,,
369,http://vocab.performing-arts.ch/muzua,http://vocab.performing-arts.ch/mu,False,Activity,,,,is writer of added lyrics of,added lyrics,,,,,,,,
370,http://vocab.performing-arts.ch/mufbo,http://vocab.performing-arts.ch/mu,False,Activity,,,,is composer of,composition,,,,,,,,
371,http://vocab.performing-arts.ch/muqtj,http://vocab.performing-arts.ch/mu,False,Activity,,,,is arranger of music of,mucisacal arrangement,,,,,,,,
372,http://vocab.performing-arts.ch/mucbq,http://vocab.performing-arts.ch/mu,False,Activity,,,,is director of,direction,,,,,,,,
373,http://vocab.performing-arts.ch/mutnt,http://vocab.performing-arts.ch/mu,False,Activity,,,,is stage director of,stage direction,,,,,,,,
374,http://vocab.performing-arts.ch/mugkn,http://vocab.performing-arts.ch/mu,False,Activity,,,,is assistant stage director of,assistant stage direction,,,,,,,,
375,http://vocab.performing-arts.ch/mucdi,http://vocab.performing-arts.ch/mu,False,Activity,,,,is casting director of,casting direction,,,,,,,,
376,http://vocab.performing-arts.ch/muclm,http://vocab.performing-arts.ch/mu,False,Activity,,,,is technical director of,technical direction,,,,,,,,
377,http://vocab.performing-arts.ch/mubbv,http://vocab.performing-arts.ch/mu,False,Activity,,,,is choreographer of,choreography,,,,,,,,
378,http://vocab.performing-arts.ch/muwgo,http://vocab.performing-arts.ch/mu,False,Activity,,,,is producer of,production designer,,,,,,,,
379,http://vocab.performing-arts.ch/mueip,http://vocab.performing-arts.ch/mu,False,Activity,,,,is designer of,design,,,,,,,,
380,http://vocab.performing-arts.ch/mulga,http://vocab.performing-arts.ch/mu,False,Activity,,,,is art director of,art direction,,,,,,,,
381,http://vocab.performing-arts.ch/muqjb,http://vocab.performing-arts.ch/mu,False,Activity,,,,is set designer of,set design,,,,,,,,
382,http://vocab.performing-arts.ch/mulnl,http://vocab.performing-arts.ch/mu,False,Activity,,,,is production designer of,production design,,,,,,,,
383,http://vocab.performing-arts.ch/muecs,http://vocab.performing-arts.ch/mu,False,Activity,,,,is costume designer of,costume design,,,,,,,,
384,http://vocab.performing-arts.ch/murni,http://vocab.performing-arts.ch/mu,False,Activity,,,,is lighting designer of,lighting design,,,,,,,,
385,http://vocab.performing-arts.ch/muxzh,http://vocab.performing-arts.ch/mu,False,Activity,,,,is sound designer of,sound design,,,,,,,,
386,http://vocab.performing-arts.ch/mufwk,http://vocab.performing-arts.ch/mu,False,Activity,,,,is projection designer of,projection design,,,,,,,,
387,http://vocab.performing-arts.ch/muqju,http://vocab.performing-arts.ch/mu,False,Activity,,,,is video designer of,video design,,,,,,,,
388,http://vocab.performing-arts.ch/mufif,http://vocab.performing-arts.ch/mu,False,Activity,,,,is audio engineer of,audio engineering,,,,,,,,
389,http://vocab.performing-arts.ch/muqfg,http://vocab.performing-arts.ch/mu,False,Activity,,,,is conductor of,conductor,,,,,,,,
390,http://vocab.performing-arts.ch/mufcc,http://vocab.performing-arts.ch/mu,False,Activity,,,,is choral conductor of,choral conductor,,,,,,,,
391,http://vocab.performing-arts.ch/muawx,http://vocab.performing-arts.ch/mu,False,Activity,,,,is performer of,performance,,,,,,,,
392,http://vocab.performing-arts.ch/munib,http://vocab.performing-arts.ch/mu,False,Activity,,,,is actor of,acting,,,,,,,,
393,http://vocab.performing-arts.ch/mulcp,http://vocab.performing-arts.ch/mu,False,Activity,,,,is dancer of,dance,,,,,,,,
394,http://vocab.performing-arts.ch/muiim,http://vocab.performing-arts.ch/mu,False,Activity,,,,is music performer of,music performance,,,,,,,,
395,http://vocab.performing-arts.ch/mupah,http://vocab.performing-arts.ch/mu,False,Activity,,,,is instrumentalist of,instrumental perfomance,,,,,,,,
396,http://vocab.performing-arts.ch/muygg,http://vocab.performing-arts.ch/mu,False,Activity,,,,is singer of,singing,,,,,,,,
397,http://vocab.performing-arts.ch/muhkf,http://vocab.performing-arts.ch/mu,False,Activity,,,,is puppeteer of,puppeteery,,,,,,,,
398,http://vocab.performing-arts.ch/muacs,http://vocab.performing-arts.ch/mu,False,Activity,,,,is narrator of,narration,,,,,,,,
399,http://vocab.performing-arts.ch/mumnc,http://vocab.performing-arts.ch/mu,False,Activity,,,,is moderator of,moderation,,,,,,,,
400,http://vocab.performing-arts.ch/mudvs,http://vocab.performing-arts.ch/mu,False,Activity,,,,is director of photography of,direction of photography,,,,,,,,
401,http://vocab.performing-arts.ch/mubyr,http://vocab.performing-arts.ch/mu,False,Activity,,,,is photographer of,photography,,,,,,,,
402,http://vocab.performing-arts.ch/mujig,http://vocab.performing-arts.ch/mu,False,Activity,,,,is camera operator of,camera operation,,,,,,,,
403,http://vocab.performing-arts.ch/muhti,http://vocab.performing-arts.ch/mu,False,Activity,,,,is recording engineer of,recording engineering,,,,,,,,
404,http://vocab.performing-arts.ch/mueeb,http://vocab.performing-arts.ch/mu,False,Activity,,,,is recordist of,recording,,,,,,,,
405,http://vocab.performing-arts.ch/muiqu,http://vocab.performing-arts.ch/mu,False,Activity,,,,is editor of moving image work of,editing of moving image work,,,,,,,,
406,http://vocab.performing-arts.ch/muyfk,http://vocab.performing-arts.ch/mu,False,Activity,,,,controls,control,,,,,,,,
407,http://vocab.performing-arts.ch/mujfv,http://vocab.performing-arts.ch/mu,False,Activity,,,,manages,management,,,,,,,,
408,http://vocab.performing-arts.ch/muxqw,http://vocab.performing-arts.ch/mu,False,Activity,,,,is substitute of,substitution,,,,,,,,
409,http://vocab.performing-arts.ch/mupfz,http://vocab.performing-arts.ch/mu,False,Activity,,,,is host of,host,,,,,,,,
410,http://vocab.performing-arts.ch/mumaw,http://vocab.performing-arts.ch/mu,False,Activity,,,,is holder of,holder,,,,,,,,
411,http://vocab.performing-arts.ch/muwgv,http://vocab.performing-arts.ch/mu,False,Activity,,,,is owner of,owner,,,,,,,,
412,http://vocab.performing-arts.ch/mucfl,http://vocab.performing-arts.ch/mu,False,Activity,,,,is addresse of,addresse,,,,,,,,
413,http://vocab.performing-arts.ch/mujzo,http://vocab.performing-arts.ch/mu,False,Activity,,,,is sender of,sender,,,,,,,,
414,http://vocab.performing-arts.ch/mujqh,http://vocab.performing-arts.ch/mu,False,Activity,,,,is member of,member,,,,,,,,
415,http://vocab.performing-arts.ch/muzwu,http://vocab.performing-arts.ch/mu,False,Activity,,,,is keeper of,keeper,,,,,,,,
416,http://vocab.performing-arts.ch/munor,http://vocab.performing-arts.ch/mu,False,Activity,,,,is donor of,donor,,,,,,,,
417,http://vocab.performing-arts.ch/murwo,http://vocab.performing-arts.ch/mu,False,Activity,,,,is seller of,seller,,,,,,,,
418,http://vocab.performing-arts.ch/mubfx,http://vocab.performing-arts.ch/mu,False,Activity,,,,pursues,pursues,,,,,,,,
419,http://vocab.performing-arts.ch/mupjw,http://vocab.performing-arts.ch/mu,False,Activity,,,,occupies,occupies,,,,,,,,
420,http://vocab.performing-arts.ch/mufct,http://vocab.performing-arts.ch/mu,False,Activity,,,,fulfils,fulfils,,,,,,,,
421,http://vocab.performing-arts.ch/muzzg,http://vocab.performing-arts.ch/mu,False,Activity,,,,is rights holder of,rights holder,,,,,,,,
422,http://vocab.performing-arts.ch/mutvt,http://vocab.performing-arts.ch/mu,False,Activity,,,,is subject of,subject,,,,,,,,
423,http://vocab.performing-arts.ch/muqbk,http://vocab.performing-arts.ch/mu,False,Activity,,,,is associated with,associated with,,,,,,,,
424,http://vocab.performing-arts.ch/ni,,True,Work,ric:E1_Record,ric:P11_Language_Information,,,language,,,Sprache,,,,,
425,http://vocab.performing-arts.ch/nirkx,http://vocab.performing-arts.ch/ni,False,Work,,,iso639-2:fra,,French,,,Französisch,,Français,,francese,
426,http://vocab.performing-arts.ch/nienp,http://vocab.performing-arts.ch/ni,False,Work,,,iso639-2:deu,,German,,,Deutsch,,Allemand,,tedesco,
427,http://vocab.performing-arts.ch/niwaj,http://vocab.performing-arts.ch/ni,False,Work,,,iso639-2:ita,,Italian,,,Italienisch,,Italien,,italiano,
428,http://vocab.performing-arts.ch/nifij,http://vocab.performing-arts.ch/ni,False,Work,,,iso639-2:eng,,English,,,Englisch,,Anglais,,inglese,
429,http://vocab.performing-arts.ch/niwjl,http://vocab.performing-arts.ch/ni,False,Work,,,iso639-2:gsw,,Swiss German,,,Schweizerdeutsch,,Suisse allemand,,svizzero tedesco,
430,http://vocab.performing-arts.ch/niwgi,http://vocab.performing-arts.ch/ni,False,Work,,,iso639-2:roh,,Romansh,,,Rätoromanisch,,Rhéto-roman,,romancio,
431,http://vocab.performing-arts.ch/nirhb,http://vocab.performing-arts.ch/ni,False,Work,,,iso639-2:rus,,Russian,,,Russisch,,Russe,,russo,
432,http://vocab.performing-arts.ch/nirhc,http://vocab.performing-arts.ch/ni,False,Work,,,iso639-2:pol,,Polish,,,Polnisch,,Polonais,,polacco,
433,http://vocab.performing-arts.ch/nicsh,http://vocab.performing-arts.ch/ni,False,Work,,,iso639-2:por,,Portuguese,,,Portugiesisch,,Portugais,,portoghese,
434,http://vocab.performing-arts.ch/nidup,http://vocab.performing-arts.ch/ni,False,Work,,,iso639-2:swe,,Swedish,,,Schwedisch,,Suédois,,svedese,
435,http://vocab.performing-arts.ch/nikxf,http://vocab.performing-arts.ch/ni,False,Work,,,iso639-2:dut,,Dutch,Flemish,,Niederländisch,,Néerlandais,,olandese,
436,http://vocab.performing-arts.ch/nioei,http://vocab.performing-arts.ch/ni,False,Work,,,iso639-2:spa,,Spanish,,,Spanisch,,Espagnol,,spagnolo,
437,http://vocab.performing-arts.ch/nijjo,http://vocab.performing-arts.ch/ni,False,Work,,,iso639-2:hun,,Hungarian,,,Ungarisch,,Hongrois,,ungherese,
438,http://vocab.performing-arts.ch/nimdm,http://vocab.performing-arts.ch/ni,False,Work,,,iso639-2:jap,,Japanese,,,Japanisch,,Japonais,,giapponese,
439,http://vocab.performing-arts.ch/niqkq,http://vocab.performing-arts.ch/ni,False,Work,,,iso639-2:ara,,Arabic,,,Arabisch,,Arabe,,arabo,
